Workbook

Sheet 일반
B1: 실험번호 | G1: #1 | K1: #2 | O1: #3
B2: 배합설계 | D2: Vi / H ratio = | G2: 1.2 | K2: 1.1
D3: H-polymer weight ratio (H1/H2/H3) = | G3: 0.2 | H3: 0.8 | I3: =1-G3-H3 -> 0 | K3: 0.4 | L3: 0.6 | M3: =1-K3-L3 -> 0
D4: H-Polymer total mmol = | G4: =$F$13*G13+$F$14*G14+$F$15*G15 -> 1.30496 | K4: =$F$13*K13+$F$14*K14+$F$15*K15 -> 1.73602
D5: Vi-Polymer mol ratio (V1/V2/V3) = | G5: 1 | H5: 0 | I5: =1-G5-H5 -> 0 | K5: 1 | L5: 0 | M5: =1-K5-L5 -> 0
D6: Vi-Polymer total mmol = | G6: =G4*G2 -> 1.565952 | K6: =K4*K2 -> 1.909622
D7: Catalyst contents (ppm) = | G7: 800 | K7: 800
D8: 차수별 겔함량 (%) = | G8: 0.23 | H8: 0.172 | I8: 0.15 | K8: 0.23 | L8: 0.172 | M8: 0.15
D9: 차수별 첨가제 함량 (%) = | G9: 0.187 | H9: 0.147 | K9: 0.187 | L9: 0.147
D10: 지연제 contents (ppm) = | G10: 1000 | K10: 1000
D11: 최종 Gel / 첨가제 / 희석제 (%) = | G11: =SUM(G13:G18)/G27 -> 0.12791828 | H11: =(G21+G25)/G27 -> 0.1469812 | I11: =(G20+G23+G24)/G27 -> 0.72487027 | K11: =SUM(K13:K18)/K27 -> 0.12791828 | L11: =(K21+K25)/K27 -> 0.1469812 | M11: =(K20+K23+K24)/K27 -> 0.72487027
B12: 제조단계 | C12: 원료유형 | D12: 원료명 | E12: 코드 | F12: 관능기함량 (mmol/g) | G12: 원배합 | H12: 100배합 | I12: 50 | K12: 원배합 | L12: 100배합 | M12: 40
B13: 가교반응 | C13: H-Polymer | D13: H1 | E13: CSF01489 | F13: 3.0292 | G13: =G3 -> 0.2 | H13: =G13*$H$27/$G$27 -> 0.94679881 | I13: =G13*$I$12 -> 10 | K13: =K3 -> 0.4 | L13: =K13*$H$27/$G$27 -> 1.8935976 | M13: =K13*$M$12 -> 16
D14: H2 | E14: CSF01627 | F14: 0.8739 | G14: =H3 -> 0.8 | H14: =G14*$H$27/$G$27 -> 3.7871952 | I14: =G14*$I$12 -> 40 | K14: =L3 -> 0.6 | L14: =K14*$H$27/$G$27 -> 2.8403964 | M14: =K14*$M$12 -> 24
D15: H3 | E15: CSF01234 | F15: 0.11 | G15: =I3 -> 0 | H15: =G15*$H$27/$G$27 -> 0 | I15: =G15*$I$12 -> 0 | K15: =M3 -> 0 | L15: =K15*$H$27/$G$27 -> 0 | M15: =K15*$M$12 -> 0
C16: Vi-Polymer | D16: V1 | F16: 0.92 | G16: =G5*G6/$F$16 -> 1.7021217 | H16: =G16*$H$27/$G$27 -> 8.0578342 | I16: =G16*$I$12 -> 85.106087 | K16: =K5*K6/$F$16 -> 2.0756761 | L16: =K16*$H$27/$G$27 -> 9.8262383 | M16: =K16*$M$12 -> 83.027043
D17: V2 | E17: CSF04376 | F17: 0.4 | G17: =H5*G6/$F$17 -> 0 | H17: =G17*$H$27/$G$27 -> 0 | I17: =G17*$I$12 -> 0 | K17: =L5*K6/$F$17 -> 0 | L17: =K17*$H$27/$G$27 -> 0 | M17: =K17*$M$12 -> 0
D18: V3 | F18: 1.2 | G18: =I5*G6/$F$18 -> 0 | H18: =G18*$H$27/$G$27 -> 0 | I18: =G18*$I$12 -> 0 | K18: =M5*K6/$F$18 -> 0 | L18: =K18*$H$27/$G$27 -> 0 | M18: =K18*$M$12 -> 0
C19: Catalyst | D19: Pt VTSC 1.0PS | E19: AEG02525 | G19: =(SUM(G13:G18))*(G7/1000000) -> 0.0021616974 | H19: =G19*$H$27/$G$27 -> 0.010233463 | I19: =G19*$I$12 -> 0.10808487 | K19: =(SUM(K13:K18))*(K7/1000000) -> 0.0024605409 | L19: =K19*$H$27/$G$27 -> 0.011648186 | M19: =K19*$M$12 -> 0.098421635
C20: Base Oil | D20: B1 | G20: =((1-G8)*SUM(G13:G18)/G8) -> 9.0462336 | H20: =G20*$H$27/$G$27 -> 42.824816 | I20: =G20*$I$12 -> 452.31168 | K20: =((1-K8)*SUM(K13:K18)/K8) -> 10.296829 | L20: =K20*$H$27/$G$27 -> 48.745126 | M20: =K20*$M$12 -> 411.87315
C21: 첨가제 | D21: A1 | G21: =SUM(G13:G20)*G9/(1-G9) -> 2.7027635 | H21: =G21*$H$27/$G$27 -> 12.794866 | I21: =G21*$I$12 -> 135.13817 | K21: =SUM(K13:K20)*K9/(1-K9) -> 3.0764065 | L21: =K21*$H$27/$G$27 -> 14.56369 | M21: =K21*$M$12 -> 123.05626
C22: Total | G22: =SUM(G13:G21) -> 14.453281 | H22: =SUM(H13:H21) -> 68.421744 | I22: =SUM(I13:I21) -> 722.66403 | J22: 100 | K22: =SUM(K13:K21) -> 16.451372 | L22: =SUM(L13:L21) -> 77.880696 | M22: =SUM(M13:M21) -> 658.05487 | N22: 100
B23: 희석공정 | C23: Base Oil | D23: B1 | G23: =((1-H8)*SUM(G13:G18)-H8*(G20))/H8 -> 3.9616547 | H23: =G23*$H$27/$G$27 -> 18.75445 | I23: =G23*$I$12 -> 198.08274 | J23: =I23*$J$22/$I$22 -> 27.410073 | K23: =((1-L8)*SUM(K13:K18)-L8*(K20))/L8 -> 4.509333 | L23: =K23*$H$27/$G$27 -> 21.347156 | M23: =K23*$M$12 -> 180.37332 | N23: =M23*$J$22/$I$22 -> 24.959499
C24: Base Oil | D24: B1 | G24: =((1-I8)*SUM(G13:G18)-I8*(G23+G20))/I8 -> 2.3041348 | H24: =G24*$H$27/$G$27 -> 10.907761 | I24: =G24*$I$12 -> 115.20674 | J24: =I24*$J$22/$I$22 -> 15.94195 | K24: =((1-M8)*SUM(K13:K18)-M8*(K23+K20))/M8 -> 2.6226695 | L24: =K24*$H$27/$G$27 -> 12.415702 | M24: =K24*$M$12 -> 104.90678 | N24: =M24*$J$22/$I$22 -> 14.516674
C25: 첨가제 | D25: A1 | G25: =(SUM(G13:G20)+G23+G24)*H9/(1-H9)-G21 -> 0.40203967 | H25: =G25*$H$27/$G$27 -> 1.9032534 | I25: =G25*$I$12 -> 20.101984 | J25: =I25*$J$22/$I$22 -> 2.78165 | K25: =(SUM(K13:K20)+K23+K24)*L9/(1-L9)-K21 -> 0.45761958 | L25: =K25*$H$27/$G$27 -> 2.1663684 | M25: =K25*$M$12 -> 18.304783 | N25: =M25*$J$22/$I$22 -> 2.5329589
C26: 지연제 | D26: Vi-MM | G26: =G10*SUM(G13:G18)/1000000 -> 0.0027021217 | H26: =G26*$H$27/$G$27 -> 0.012791828 | I26: =G26*$I$12 -> 0.13510609 | J26: =I26*$J$22/$I$22 -> 0.01869556 | K26: =K10*SUM(K13:K18)/1000000 -> 0.0030756761 | L26: =K26*$H$27/$G$27 -> 0.014560232 | M26: =K26*$M$12 -> 0.12302704 | N26: =M26*$J$22/$I$22 -> 0.0170241
C27: Total | G27: =SUM(G23:G26)+G22 -> 21.123812 | H27: 100 | I27: =SUM(I13:I26)-I22 -> 1056.1906 | K27: =SUM(K23:K26)+K22 -> 24.04407 | L27: 100 | M27: =SUM(M13:M26)-M22 -> 961.76278
B29: 공정조건 | F29: 3롤작업 횟수 | G29: 1 | K29: 2
F30: 겔도달시간 | G30: 30분
F31: 1차 반응온도 | G31: 90℃
B35: 제조결과 | F35: 외관 | G35: 양호
F36: 점도 | G36: 130000
F37: 색상 | G37: 연한노랑
F38: 휘발분 | G38: 10.1
F39: 비휘발분
F40: 사용감 | G40: 매우 부드럽고 실키함
F41: 저장성
F42: 비고

Sheet 일반-물성탭
B2: 실험번호 | C2: 배합 설계 | R2: 공정조건 | W2: 기본 물성
C3: Vi/ H ratio | D3: H-Polymer | H3: Vi-Polymer | L3: 촉매함량 | M3: 1차겔함량 | N3: 최종겔함량 | O3: 최종첨가제함량 | P3: 최종희석제함량 | Q3: 지연제함량 | R3: =일반!F29 -> 3롤작업 횟수 | S3: =일반!F30 -> 겔도달시간 | T3: =일반!F31 -> 1차 반응온도 | U3: =일반!F32 -> 0 | V3: =일반!F33 -> 0 | W3: =일반!F35 -> 외관 | X3: =일반!F36 -> 점도 | Y3: =일반!F37 -> 색상 | Z3: =일반!F38 -> 휘발분 | AA3: =일반!F39 -> 비휘발분 | AB3: =일반!F40 -> 사용감 | AC3: =일반!F41 -> 저장성 | AD3: =일반!F42 -> 비고 | AE3: =일반!F44 -> 0
D4: =일반!D13 -> H1 | E4: =일반!D14 -> H2 | F4: =일반!D15 -> H3 | H4: =일반!D16 -> V1 | I4: =일반!D17 -> V2 | J4: =일반!D18 -> V3
B5: #1 | C5: =일반!G2 -> 1.2 | D5: =일반!G3 -> 0.2 | E5: =일반!H3 -> 0.8 | F5: =일반!I3 -> 0 | H5: =일반!G5 -> 1 | I5: =일반!H5 -> 0 | J5: =일반!I5 -> 0 | L5: =일반!G7 -> 800 | M5: =일반!G8 -> 0.23 | N5: =일반!G11 -> 0.12791828 | O5: =일반!H11 -> 0.1469812 | P5: =일반!I11 -> 0.72487027 | Q5: =일반!G10 -> 1000 | R5: =일반!G29 -> 1 | S5: =일반!G30 -> 30분 | T5: =일반!G31 -> 90℃ | U5: =일반!G32 -> 0 | V5: =일반!G33 -> 0 | W5: =일반!G35 -> 양호 | X5: =일반!G36 -> 130000 | Y5: =일반!G37 -> 연한노랑 | Z5: =일반!G38 -> 10.1 | AA5: =일반!G39 -> 0 | AB5: =일반!G40 -> 매우 부드럽고 실키함 | AC5: =일반!G41 -> 0 | AD5: =일반!G42 -> 0
B6: #2
B7: #3
B8: #4

Sheet 선반응(보류)
G1: #1
B3: 배합설계 | D3: Vi / H ratio = | G3: 1.2
D4: H-polymer weight ratio = | G4: 0.5 | H4: 0.2 | I4: =1-G4-H4 -> 0.3
C5: 숨김 → | D5: H-Polymer total mmol = | G5: =F16*G16+F17*G17+F18*G18 -> 0.797
D6: Vi-Polymer mol ratio = | G6: 0.6 | H6: 0.2 | I6: =1-G6-H6 -> 0.2
C7: 숨김 → | D7: Vi-Polymer total mmol = | G7: =G5*G3 -> 0.9564
D8: Catalyst contents (1차, 2차), ppm = | G8: 550 | H8: 550
D9: Solvent contents (%) = | G9: 10 | H9: 10
D10: Base Oil contents (%) = | G10: 10 | H10: 3 | I10: 3
D11: 첨가제 contents (%) = | G11: 10 | H11: 1 | I11: 1
B15: 제조단계 | C15: 원료유형 | D15: 명칭 | E15: 코드 | F15: 관능기함량 (mmol/g)
B16: 사전반응 | C16: H-Polymer | D16: H1 | E16: CSF01489 | F16: 1.14 | G16: =G4 -> 0.5
D17: H2 | E17: CSF01627 | F17: 0.97 | G17: =H4 -> 0.2
D18: H3 | E18: CSF01234 | F18: 0.11 | G18: =I4 -> 0.3
C19: Vi-Polymer | D19: V1 | F19: 3.96 | G19: =G6*G7/F19 -> 0.14490909
C22: Catalyst | D22: Pt VTSC 1.0PS | E22: AEG02525 | G22: =SUM(G16:G21)*(G8/1000000) -> 0.0006297
C23: Solvent | D23: S1 | G23: =SUM(G16:G21)*(G9/100) -> 0.11449091
C24: Base Oil | D24: B1 | G24: =SUM(G16:G21)*(G10/100) -> 0.11449091
C25: 첨가제 | D25: A1 | G25: =SUM(G16:G21)*(G11/100) -> 0.11449091
C26: Total (용제포함) | G26: =SUM(G16:G25) -> 1.4890115
C27: Total (용제미포함) | G27: =G26-G23 -> 1.3745206
B28: 가교반응 | C28: Vi-Polymer | D28: V2 | E28: CSF04376 | F28: 0.4 | G28: =H6*G7/F28 -> 0.4782
D29: V3 | F29: 1.2 | G29: =I6*G7/F29 -> 0.1594
C31: Catalyst | D31: Pt VTSC 1.0PS | E31: AEG02525 | G31: =(SUM(G28:G30)+SUM(G16:G21))*(H8/1000000) -> 0.00098038
C32: Solvent | D32: S1 | G32: =(SUM(G28:G30)+SUM(G16:G21))*(H9/100) -> 0.17825091
C33: Base Oil | D33: B1 | G33: =(SUM(G28:G30)+SUM(G16:G21))*(H10/100) -> 0.053475273
C34: 첨가제 | D34: A1 | G34: =(SUM(G28:G30)+SUM(G16:G21))*(H11/100) -> 0.017825091
C35: Total (용제포함) | G35: =SUM(G28:G34)+G26 -> 2.3771432
C36: Total (용제미포함) | G36: =G35-G32-G23 -> 2.0844014
B37: 희석공정 | C37: Base Oil | D37: B1
C38: 첨가제 | D38: A1
C39: 지연제 | D39: Vi-MM
C40: Total
